"3576453122","jesuis2107","Jë Sûis Mahboûlã","http://scontent.cdninstagram.com/t51.2885-19/s150x150/13694409_858920034213564_1865277738_a.jpg","rial madrid","","0","55","21","Never posted.","Never posted.","Never posted.","Never posted.","Never posted."
"1711230468","hipcuc1412","🐷Ngo_Kim_Cuc🐷","http://scontent.cdninstagram.com/t51.2885-19/s150x150/15876443_1606812322961584_8021127265259618304_a.jpg","follow me","","125","741","513","1/24/2017","31.0","No location given.","No location given.","No location given."
"3544891912","laceym3283","lacey edwards","http://scontent.cdninstagram.com/t51.2885-19/s150x150/13694915_1762952743983864_660343089_a.jpg","","","9","3065","312","1/18/2017","47.0","No location given.","No location given.","No location given."
"1285480194","kefengcc","","http://scontent.cdninstagram.com/t51.2885-19/s150x150/16124166_1180253632093134_3631487972248911872_n.jpg","Private Account","Private Account","Private Account","Private Account","Private Account","Private Account","Private Account","Private Account","Private Account","Private Account"
"6250520","westermannsleksikon","Joe H","http://scontent.cdninstagram.com/t51.2885-19/s150x150/14026498_610804939079565_35513447_a.jpg","yes hello here are mostly some cats I have met or live with","","1359","188","188","1/24/2017","28.0","No location given.","No location given.","No location given."
"3694951449","pugakimo","mops/pug lovers ❤","http://scontent.cdninstagram.com/t51.2885-19/s150x150/14709527_1144225448979452_3746054545537499136_a.jpg","#Born 25|3|2016🎂🎉
#pugakimo 
#followme
🏡🐾Hy my Friends❤My name is Akimo and i life in a Village in Austria with my maltese friend simba 😊","","32","4816","1329","1/22/2017","105.0","No location given.","No location given.","No location given."
"3912784950","ysrshyrdd","یاسرشیردد","http://scontent-frt3-1.cdninstagram.com/t51.2885-19/11906329_960233084022564_1448528159_a.jpg","","","12","2642","605","1/23/2017","68.0","No location given.","No location given.","No location given."
"4058994747","bub_and_grumpy_youtube","shalleen","http://scontent.cdninstagram.com/t51.2885-19/s150x150/16110467_1729540664028206_8818141004893782016_n.jpg","~<😺>~bub~<😺>~
~<😾>~grumpy~<😾>~
~<🙀>~best~<🙀>~
~<😸>~friends~<😸>~
~<😽>~for~<😽>~
~<😻>~ever~<😻>~ click on the link to follow my YouTube account👇🏻👇🏻👇🏻","https://m.youtube.com/channel/UCGZTvu9GLDx2_NuID596Y9A","21","3042","461","1/24/2017","43.0","No location given.","No location given.","No location given."
"2877668425","mia_angoraturco","Mia Garcia","http://scontent.cdninstagram.com/t51.2885-19/s150x150/12556058_1517393965221861_270966817_a.jpg","🇦🇷-🇨🇴🎀💕","","19","2120","399","1/23/2017","37.0","No location given.","No location given.","No location given."
"4389505101","persik_persikov","Персик","http://scontent.cdninstagram.com/t51.2885-19/s150x150/15876653_1662786794019338_4197401264125902848_n.jpg","","","207","3342","862","1/24/2017","47.0","No location given.","No location given.","No location given."
"1239491162","10eri28","","http://scontent.cdninstagram.com/t51.2885-19/s150x150/16110681_115694048941393_4387873554645909504_n.jpg","Private Account","Private Account","Private Account","Private Account","Private Account","Private Account","Private Account","Private Account","Private Account","Private Account"count","Private Account","Private Account"
"3441006748","gatosilvio","Gato Silvio","http://scontent.cdninstagram.com/t51.2885-19/s150x150/14718037_354591108215550_7796376213685010432_a.jpg","Sou um gatinho sapeca e as vezes pouco preguiçoso. Não é sempre que eu estou disposto a tirar fotos, mas quando estou... até que sai coisa boa!hehe..","https://bichonaweb.com.br","147","6422","3714","1/24/2017","273.0","No location given.","No location given.","No location given."
"4141946014","cootecow","Cow Kitty","http://scontent.cdninstagram.com/t51.2885-19/s150x150/14566743_1127528960691630_5449604085990817792_a.jpg","I am secretly a Russian spy here to spy on these people","","29","76","22","1/24/2017","9.0","No location given.","No location given.","No location given."
"3622654149","the_cat_leia","","http://scontent.cdninstagram.com/t51.2885-19/s150x150/16229496_1408441719187575_8390928867182772224_a.jpg","Hello! My name is Leia. I come from Sweden🇸🇪 I like to play with my brother Leo 🐱","","5","457","111","1/24/2017","23.0","No location given.","No location given.","No location given."
"4018249381","italove77","Federica Lavezzari","http://scontent.cdninstagram.com/t51.2885-19/s150x150/14719639_941184639319202_7035557189951422464_a.jpg","Ciao sono Italo e sono un maine coon polidattile  💜💜💜 mi piace giocare e non far dormire  nessuno ma sono tanto buffo e simpatico e vivo in Italia","","137","3138","1015","1/22/2017","97.0","No location given.","No location given.","No location given."
"290431666","emily.stales","✨🐘Emily Staley🐘✨","http://scontent.cdninstagram.com/t51.2885-19/s150x150/14474265_205629246517135_8714907201031897088_a.jpg","Private Account","Private Account","Private Account","Private Account","Private Account","Private Account","Private Account","Private Account","Private Account","Private Account"
"4507511475","loganandlolla","Logan&Lolla","http://scontent.cdninstagram.com/t51.2885-19/s150x150/16123503_222239964904154_6514057188514725888_n.jpg","Batman 😸 Logan 😼 & Lolla 😽","","5","404","134","1/24/2017","37.0","No location given.","No location given.","No location given."
"2541796020","european_feeling","Hufflepuff Girl. 💛","http://scontent.cdninstagram.com/t51.2885-19/s150x150/15258640_1185056248209054_1514805050851983360_a.jpg","European soul ! <3 Belgium ! #Citizens! #MIka #AvrilLavigne #hufflepuff","","44","71","113","1/21/2017","29.0","50.59363","5.86015","Georges Café"
"4334432953","myriam_nina55","Myriam Nina","http://scontent.cdninstagram.com/t51.2885-19/s150x150/15623881_383703098633568_2807431323222802432_a.jpg","Private Account","Private Account","Private Account","Private Account","Private Account","Private Account","Private Account","Private Account","Private Account","Private Account"
"361354426","thick_meow","Karen Harris","http://scontent.cdninstagram.com/t51.2885-19/s150x150/15338535_1356352967730010_2501181192737390592_a.jpg","A sexy. Eccentric cat trapped inside a thick girls body with confidence","","4598","7504","1905","1/22/2017","2.0","No location given.","No location given.","No location given."
"493285053","nicole_bh26","Nicole ❣️","http://scontent.cdninstagram.com/t51.2885-19/s150x150/16123938_791329751017770_7594082523898970112_a.jpg","∞","","42","297","212","1/15/2017","47.0","No location given.","No location given.","No location given."
"4501639871","nora.bossycat","NORA 🐱","http://scontent.cdninstagram.com/t51.2885-19/s150x150/16124092_399692533710497_6994761176802394112_n.jpg","Female Norwegian Forest cat🌲🦁Born: March 14, 2012🐾 👑Welcome to the life of the bossiest cat 👑 living in NY🇺🇸","","35","281","111","1/24/2017","10.0","No location given.","No location given.","No location given."
"4492347589","kitty.mcw","kitty mcwhiskers","http://scontent.cdninstagram.com/t51.2885-19/s150x150/16123533_392970014386721_8176407465634562048_a.jpg","cool cat","","4","269","106","1/24/2017","22.0","No location given.","No location given.","No location given."
"4495359512","_gizmo.the.kitty_","!GIZMO!","http://scontent.cdninstagram.com/t51.2885-19/s150x150/15877087_200529330421267_4241404445318971392_n.jpg","Hi I'm Gizmo
I like to sleep, eat, and sometimes annoy my family, I'm a short hair I was a street cat but not any more -💜","","29","427","141","1/24/2017","11.0","No location given.","No location given.","No location given."
"2285688519","derpyan","Ryan loh","http://scontent.cdninstagram.com/t51.2885-19/s150x150/13423498_1765229127097335_1749359688_a.jpg","Private Account","Private Account","Private Account","Private Account","Private Account","Private Account","Private Account","Private Account","Private Account","Private Account"
"1389564106","michelle_spamsssss","","http://scontent.cdninstagram.com/t51.2885-19/s150x150/16123930_1864041713831219_5483225077099003904_a.jpg","Private Account","Private Account","Private Account","Private Account","Private Account","Private Account","Private Account","Private Account","Private Account","Private Account"
"27094732","welcome_to_briarcliff_fuckers","JGC ~aka little loner stoner~","http://scontent.cdninstagram.com/t51.2885-19/s150x150/11373905_886381214771458_1171669836_a.jpg","Private Account","Private Account","Private Account","Private Account","Private Account","Private Account","Private Account","Private Account","Private Account","Private Account"
"3897612494","pawsitivelypetbeds","Pawsitively Pet Beds","http://scontent.cdninstagram.com/t51.2885-19/s150x150/15876932_1307354119299844_38197210042597376_a.jpg","FREE SHIPPING ON ALL ORDERS: Unique Fun Pet Beds For All Furbabies","http://www.pawsitivelypetbeds.com/","78","1104","254","1/23/2017","12.0","No location given.","No location given.","No location given."
"3679739094","harper.and.ghost_cats","Harper & Ghost","http://scontent.cdninstagram.com/t51.2885-19/s150x150/15875845_386978251643679_3097244609571454976_a.jpg","'I am Harper. I am a smart tabby cat who was a feral kitten, and loves to be outside'
'I am Ghost. I am a Russian Blue with thumbs, and a sweet face.'","","66","304","172","1/24/2017","39.0","No location given.","No location given.","No location given."
"3247883479","kittiesrulestheworld","kittiesrulestheworld","http://scontent.cdninstagram.com/t51.2885-19/s150x150/13150797_1736541173258521_985544910_a.jpg","Mimzy is a Lady and Jag is a big black bastard.
Hand in hand they rule the world.
More of Mimzy & Jag on Sminilove Instagram account","","40","2282","583","1/21/2017","49.0","No location given.","No location given.","No location given."
"655158131","jenbivona1018","Jen Bivona","http://scontent.cdninstagram.com/t51.2885-19/12142166_1650662045218669_1910408465_a.jpg","Private Account","Private Account","Private Account","Private Account","Private Account","Private Account","Private Account","Private Account","Private Account","Private Account"
"4465035484","tallulah_the_bengal_cross","Tallulah The Bengal Cross","http://scontent.cdninstagram.com/t51.2885-19/s150x150/15876586_581441008721262_7315548431554969600_n.jpg","Follow my cat life adventures!","","7","913","335","1/21/2017","50.0","No location given.","No location given.","No location given."
"3920200930","malothebirmancat","","http://scontent.cdninstagram.com/t51.2885-19/s150x150/15535183_186489158486740_2705024794486636544_a.jpg","🚹 • blue point • 7 months old • lives in France 🇫🇷 • account by @malviiinou 👧🏻 • 📽 iPhone 6S","","83","767","1460","1/20/2017","162.0","No location given.","No location given.","No location given."
"1735766256","niken.fh","","http://scontent.cdninstagram.com/t51.2885-19/s150x150/16123556_402337393444120_3805136558042906624_a.jpg","Private Account","Private Account","Private Account","Private Account","Private Account","Private Account","Private Account","Private Account","Private Account","Private Account"
"2925371645","shaozirrr","","http://scontent.cdninstagram.com/t51.2885-19/s150x150/12545447_1722546394648676_1567350379_a.jpg","","","0","21","2","Never posted.","Never posted.","Never posted.","Never posted.","Never posted."
"4151895810","ted_the_bkh","Ted_the_BKH","http://scontent.cdninstagram.com/t51.2885-19/s150x150/14128651_314255965622868_5698635094495854592_a.jpg","Halli Hallo Katzenfreunde 👐
Ich bin Ted, ein lilac-farbener Britisch Kurzhaar Kater & bin am 7 September 2016 geboren. 🐈❤
- follow me ❤🐾🐈","","44","1056","1096","1/23/2017","192.0","No location given.","No location given.","No location given."
"2201607951","__m.elijah__","ELIJAHMORRISON","http://scontent.cdninstagram.com/t51.2885-19/s150x150/14582350_1660852680894350_3102808628034273280_a.jpg","Private Account","Private Account","Private Account","Private Account","Private Account","Private Account","Private Account","Private Account","Private Account","Private Account"
"3401462033","grubertthecurlycat","Grubert Downey","http://scontent.cdninstagram.com/t51.2885-19/s150x150/16110202_237067960083113_2574223481042370560_a.jpg","Hey guys! I'm Grubert The Curly Cat! But you can call me Gru😸😹 ps I'm a Selkirk Rex","","49","2475","802","1/23/2017","81.0","55.6722324304","12.5618671231","Copenhagen City"
"4046170500","bentley_boo_boo_baby","Bentley BooBoo Baby","http://scontent.cdninstagram.com/t51.2885-19/s150x150/15876643_719953398129729_1239656801486503936_n.jpg","BentleyWilfordDiabeetusBrimleyBooBooBaby
Looking for new animal friends...& to show off! 
I follow everyone back! I also unfollow back w/a vengeance!","","220","3584","1168","1/24/2017","97.0","No location given.","No location given.","No location given."
"4468627230","coopurrsfriends","Coopurr's friends","http://scontent.cdninstagram.com/t51.2885-19/s150x150/16123568_364533303917730_6916412022611509248_n.jpg","I'm Coopurr cat. Want to be featured as one of my friends? It's simple, follow me and tag @coopurrsfriends in your posts. ❤😻❤","","445","1654","823","1/24/2017","40.0","No location given.","No location given.","No location given."
"3120573223","mizathemiza","Cat Lover 😘","http://scontent.cdninstagram.com/t51.2885-19/s150x150/15803653_361024700945522_6593122489847513088_a.jpg","","","25","1105","268","1/20/2017","16.0","No location given.","No location given.","No location given."
"4217541934","patasproar","De Patas Pro Ar!","http://scontent.cdninstagram.com/t51.2885-19/s150x150/14711932_340642659641844_2632803983101526016_a.jpg","Somos três irmãos, Tapioca, Baunilha e Pirulito. Estamos aqui pra mostrar nossa farra e falar umas verdades (vocês estão precisando, humanos)! 😉😺","","33","390","159","1/23/2017","22.0","No location given.","No location given.","No location given."
"1228130781","susishecat","Susi","http://scontent.cdninstagram.com/t51.2885-19/s150x150/10012538_1517330661896106_1669206308_a.jpg","I'm Susi, a 9 year-old European cat from Italy ! I am very pretty , as you can see, and I love my owner sam.antide 🐱 follow me(ow) furry friends ✨","","101","286","327","1/23/2017","26.0","No location given.","No location given.","No location given."
"4247421239","waywardkittens","WaywardKittens","http://scontent.cdninstagram.com/t51.2885-19/s150x150/15306138_379076329104109_4083900461202014208_a.jpg","Finding kittens forever homes","","14","4372","1557","12/27/2016","215.0","No location given.","No location given.","No location given."
"4495807810","abba_catdabra","Abba Catdabra","http://scontent.cdninstagram.com/t51.2885-19/s150x150/15876201_1176363872433396_6336361605361565696_n.jpg","Hi I'm Abba and I don't actually know any magic 
9 yrs old, adopted & slightly on the pudgy side
🇨🇦","","3","79","48","1/24/2017","27.0","No location given.","No location given.","No location given."
"4232044874","badem_saziment","😻Badi & Şazi & Atar 😻🐾❤","http://scontent.cdninstagram.com/t51.2885-19/s150x150/16228677_1084782708299890_3939642761816309760_n.jpg","","","210","4788","2573","1/21/2017","200.0","No location given.","No location given.","No location given."
"1975969611","cindywoofer","Cindy Woofer","http://scontent.cdninstagram.com/t51.2885-19/s150x150/12555991_755271824578247_1366598788_a.jpg","🐕 Pithuahua saved from doggo death row
😁🐇 Great teeth, great ears, 15lbs
🌴 Los Feliz, Los Angeles, California
🎉 Let's be friends. Pls tag reposts","http://www.facebook.com/CindyLAdog","492","5546","13428","1/24/2017","390.0","34.0522","-118.243","Los Angeles, California"
"2423500111","mille_the_ragdoll","ᗰ I ᒪ ᒪ E","http://scontent.cdninstagram.com/t51.2885-19/s150x150/16123236_181280949015009_9167180103547879424_n.jpg","🐈Female🐈Ragdoll🐈        🇩🇰Denmark🇩🇰18/10/10🇩🇰✨Soon 1000 Followers!✨","","65","1780","620","1/23/2017","97.0","No location given.","No location given.","No location given."
"514906595","bettterthanu","Melisa","http://scontent.cdninstagram.com/t51.2885-19/s150x150/15802946_1863956817180651_6208444800543227904_a.jpg","Private Account","Private Account","Private Account","Private Account","Private Account","Private Account","Private Account","Private Account","Private Account","Private Account"
"4300443483","perfectlyboo","Banjo the cat","http://scontent.cdninstagram.com/t51.2885-19/s150x150/15538778_1185750784842956_7489700013853900800_a.jpg","Banjo, Boo, YOUR cat, my cat - he's an indoor kitty who acts cool when no ones around and has a 2 second appearance time when tins of tuna are opened","","27","3250","1989","1/24/2017","176.0","No location given.","No location given.","No location given."
"3433550175","the_japanese_orsomething_cat","Branden modrovic","http://scontent.cdninstagram.com/t51.2885-19/s150x150/14072999_100869100368362_294083042_a.jpg","Trying to start one of those accounts with my cat.... Oh yeah it's Branden","","25","71","53","1/22/2017","17.0","No location given.","No location given.","No location given."
"1474644834","puitishatinurani","","http://scontent.cdninstagram.com/t51.2885-19/s150x150/16123917_1497191836958663_1274375564760711168_n.jpg","Private Account","Private Account","Private Account","Private Account","Private Account","Private Account","Private Account","Private Account","Private Account","Private Account"
"4466311011","my_name.is_lulu","LuLu","http://scontent.cdninstagram.com/t51.2885-19/s150x150/16122466_171279653355629_1750545489217978368_n.jpg","","","14","336","105","1/24/2017","18.0","40.7142","-74.0064","New York, New York"
"3151270424","davidsantana1","David","http://scontent.cdninstagram.com/t51.2885-19/s150x150/12501640_251132065237815_1553516304_a.jpg","Private Account","Private Account","Private Account","Private Account","Private Account","Private Account","Private Account","Private Account","Private Account","Private Account"
"4232355176","haleighbright10","🔓single🔓BFF Emma Layfield","http://scontent.cdninstagram.com/t51.2885-19/s150x150/15876662_870051046431086_6753658347213291520_n.jpg","","","155","724","207","1/24/2017","9.0","No location given.","No location given.","No location given."
"4175245683","leonardo_the_cat","Leo_the_cat","http://scontent.cdninstagram.com/t51.2885-19/s150x150/15305933_216953432087415_1483330289261346816_a.jpg","British shorthair golden spotted kitten Leo| 4 months old|📍Moscow 🇷🇺| британский золотой котенок Лео🐾😼🦁🐈💕","","26","485","195","1/23/2017","42.0","No location given.","No location given.","No location given."
"4456510325","milla_juice_europeancats","Milla_Juice_Europeancats","http://scontent.cdninstagram.com/t51.2885-19/s150x150/16110811_1336218526400196_5053300521511682048_a.jpg","Hi everyone! We are Milla and Juice. We truly love hunting birds, mice and lizards together. Also we like Nature and our family. 🐈🐈","","9","161","92","1/21/2017","25.0","No location given.","No location given.","No location given."
"255459705","kittydevorerescue","KittyDevore","http://scontent.cdninstagram.com/t51.2885-19/s150x150/15803040_178853605922977_6777371999820840960_a.jpg","Kitty Devore is a non-profit group dedicated to the rescue, rehabilitation and rehoming of the cats of Devore Shelter in San Bernardino, CA","http://www.kittydevorerescue.org","740","2384","1169","1/24/2017","66.0","No location given.","No location given.","No location given."
"4451994494","napcatsmeow","Veronica Carnahan","http://scontent.cdninstagram.com/t51.2885-19/s150x150/15803193_1825041944443341_9153886539816632320_a.jpg","All about cats and catching them making silly faces 🐱Adopt don't shop. All my babies were rescued and you can learn more about their stories here 😻","","16","514","199","1/24/2017","26.0","No location given.","No location given.","No location given."
"38702978","nj3478","Agusto","http://scontent.cdninstagram.com/t51.2885-19/11325798_877405892348317_1718155664_a.jpg","Jersey boy living in India.
Math/Physics teacher - Photographer.
3 × 26.2
6 x 13.1","http://www.marioartphotography.com/tres6cinco","1380","2382","544","1/24/2017","30.0","12.9699967","77.6379152","Nando's Indiranagar"
"4510052740","byronandbeyonce","Byron & Beyoncé","http://scontent.cdninstagram.com/t51.2885-19/s150x150/16123950_1900857400146444_2892230826802544640_n.jpg","Sydney, Australia 🇦🇺 We are experts in annoying and loving our mum @katie_uren 🐾 Adopt don't shop! 🐈","","19","412","108","1/24/2017","13.0","No location given.","No location given.","No location given."
"4474382729","gats.the.cat","Mr. Gatsby The Cat","http://scontent.cdninstagram.com/t51.2885-19/s150x150/16110560_1273394286039484_7592445162106650624_n.jpg","A very curious, tuxedo, medium-haired, 5 month old kitten living with my college mom in Lexington, KY!","","7","256","87","1/21/2017","18.0","No location given.","No location given.","No location given."
"3565507989","el.gato.tomi","🐱El gato Tomi🐱","http://scontent.cdninstagram.com/t51.2885-19/s150x150/15876919_1172603569524068_8597575794086117376_a.jpg","😼Tiene seis años
🐱Estoy muy gordo, peso 5'6Kg
2💟 de Leonor Lavado
1💟 de comentario de 2Lorena Castell, Irene Junquera y6 Leonor Lavado","","326","7414","1680","1/24/2017","80.0","No location given.","No location given.","No location given."
"4052773784","eleanor.hxll","","http://scontent.cdninstagram.com/t51.2885-19/s150x150/14719571_701156320042574_5418024595917635584_a.jpg","Private Account","Private Account","Private Account","Private Account","Private Account","Private Account","Private Account","Private Account","Private Account","Private Account"
"4481161114","meoomeoocat","Meoo Meoo Sir Parcival","http://scontent.cdninstagram.com/t51.2885-19/s150x150/15876787_1802332713350809_4353974876722167808_n.jpg","Hello, my name is Meoo Meoo and i post only important cat stuff here! If you like to see more, just like and follow my page!","http://www.facebook.com/MeooMeooTheCat","13","2926","1014","1/24/2017","139.0","No location given.","No location given.","No location given."
"4455967650","indianajonescat","Indiana Jones (Indy) the cat","http://scontent.cdninstagram.com/t51.2885-19/s150x150/15877245_607720059421362_1560223462423789568_a.jpg","I'm adorable and I know it. | Rescue Ragdoll cat | Louisiana |","","14","1309","395","1/23/2017","41.0","No location given.","No location given.","No location given."
"4336290723","grace_the_kittycat","Grace_the_kittycat","http://scontent.cdninstagram.com/t51.2885-19/s150x150/15538417_1245080375550920_6528408138834509824_a.jpg","I'm Grace the kitty. I'm cute. Go follow my kitty fam. My b-day is February 15, 2014🎉🎊","","23","1618","710","1/24/2017","73.0","No location given.","No location given.","No location given."
"1343315876","oficial_mc_praxedes","Oficial_Mc_Praxedes","http://scontent.cdninstagram.com/t51.2885-19/s150x150/15877368_1291017194299603_7896925435353628672_a.jpg","Sp (itaim paulista)
😍😍😍👌
Whats = 958662049 😉😍
Eu pfto jamas 😂😉😍
Filho dos reis dos reis 👑👑🔴🍀
Praxedes 😍👑👑🙈","","287","7499","1924","1/24/2017","53.0","No location given.","No location given.","No location given."
"4464257957","catlady29_photography","KF","http://scontent.cdninstagram.com/t51.2885-19/s150x150/16123310_1218420271526480_2198746904471273472_n.jpg","Not so crazy cat lady, amateur photographer and lover of ALL things cat. Most pictures taken with an iPhone until I get a better camera 📷","","87","116","51","1/22/2017","4.0","No location given.","No location given.","No location given."
"4016586662","ocean_the_kitty","Ocean","http://scontent.cdninstagram.com/t51.2885-19/s150x150/15624151_1662469304050460_3979219296311050240_a.jpg","I just made a quiz for all you furry friends lets see who knows me best!","http://www.quizyourfriends.com/take-quiz.php?id=1701182053022099","50","1644","780","1/24/2017","76.0","No location given.","No location given.","No location given."
"4489827753","the_simba_boy","Simba","http://scontent.cdninstagram.com/t51.2885-19/s150x150/16110092_164678300686997_7006252430522318848_a.jpg","","","5","83","33","1/22/2017","8.0","No location given.","No location given.","No location given."
"4011367347","floydstagrxm","Floyd","http://scontent.cdninstagram.com/t51.2885-19/s150x150/14727614_1870322713247940_2012120211703988224_a.jpg","Hi , I'm Floyd😍I am a rag doll cross with exotic and I love cuddles!!! 😊1.11.15 Male😊","","119","5532","2509","1/18/2017","123.0","No location given.","No location given.","No location given."
"3092218293","eun_yi_","Eunkyo Yi","http://scontent.cdninstagram.com/t51.2885-19/s150x150/13597701_153018745118503_1218743182_a.jpg","Private Account","Private Account","Private Account","Private Account","Private Account","Private Account","Private Account","Private Account","Private Account","Private Account"
"3553237431","baloglan__777","Fllow yigiram","http://scontent.cdninstagram.com/t51.2885-19/s150x150/16123354_271902563227751_7409289975440605184_a.jpg","♡Follow-Follow♡                ¤
♡Like-Like♡                               
♡profil yiqilir  _  7/24 Aktiv'əm♡
♡Sadece bu profilde olur bele seyler!♡","","3","5605","1047","12/31/2016","162.0","No location given.","No location given.","No location given."
"4362939835","nelson.le.chat","Nelson 🐾","http://scontent.cdninstagram.com/t51.2885-19/s150x150/15803036_351788365206555_1116787858846253056_n.jpg","Private Account","Private Account","Private Account","Private Account","Private Account","Private Account","Private Account","Private Account","Private Account","Private Account"
"4471646656","paw_napsftw","Paw","http://scontent.cdninstagram.com/t51.2885-19/s150x150/16124087_366017343761473_805860131018375168_a.jpg","I share this account with my gf we are a happy lesbian couple so we are hoping for our cats to have kittens 
love kitten paws they tickle so much ❤","","1","127","34","1/19/2017","23.0","No location given.","No location given.","No location given."
"2358276545","chat_pour_la_vie","Mathilde Allemann","http://scontent.cdninstagram.com/t51.2885-19/s150x150/12362530_1079508012067554_558134380_a.jpg","Private Account","Private Account","Private Account","Private Account","Private Account","Private Account","Private Account","Private Account","Private Account","Private Account"
"3945058757","laura_miftari","1000🔓 1300 🔐 1600 🔐 2000🔐","http://scontent.cdninstagram.com/t51.2885-19/s150x150/15056608_374450682892378_1131037267549224960_a.jpg","","","142","4273","1009","1/22/2017","51.0","No location given.","No location given.","No location given."
"4092651978","plumpkincat","c ø n a n 🐈","http://scontent.cdninstagram.com/t51.2885-19/s150x150/15876858_249945368768914_1070993843794477056_n.jpg","11. the most legendary pokemon. full time + size model. living meme. mac&cheese lover. 
goal: over 9000 followers
follow my gorgeous mum ⬇","https://www.instagram.com/x_harm0ny_x/","7","199","69","1/19/2017","24.0","No location given.","No location given.","No location given."
"2231375825","mr_pip_","Crystal Pollard","http://scontent.cdninstagram.com/t51.2885-19/s150x150/10817940_1187174711308944_1099330214_a.jpg","The Most amazing polydactyl cat with🐾24 toes🐾😺 likes long snuggle sessions 💞, selfies😻, and relaxing anywhere😴. Adoration a must, follows a plus. 😽","","190","1231","845","1/20/2017","76.0","No location given.","No location given.","No location given."
"4479686101","captain.picardandhobbes","Captain Jean-Luc & Hobbes","http://scontent.cdninstagram.com/t51.2885-19/s150x150/15876820_406050173068531_4622367305739796480_a.jpg","","","11","59","23","1/24/2017","11.0","No location given.","No location given.","No location given."
"3055054811","furrylittlethings","cats (everywhere)","http://scontent.cdninstagram.com/t51.2885-19/s150x150/916428_590466111100391_2099561580_a.jpg","discovering the world, feline by feline","","24","92","25","1/17/2017","25.0","1.3875207642","103.830938769","Purvis Street"
"4486160348","acrabbyrangoon","•bhoule","http://scontent.cdninstagram.com/t51.2885-19/s150x150/15803707_1322414567847623_7429464961543307264_a.jpg","•All photos done by myself 📸","","13","5000","1002","1/23/2017","119.0","42.751","-71.4808","Nashua, New Hampshire"
"4516274653","poppypotter2201","Poppy Potter","http://scontent.cdninstagram.com/t51.2885-19/s150x150/16230577_1801683960081778_1255066547144097792_n.jpg","⠀⠀⠀⠀⠀⠀⠀⠀⠀⠀⠀⠀⠀⠀⠀⠀⠀⠀
⠀⠀⠀⠀⠀⠀⠀⠀⠀ᵐʸ ⁿᵃᵐᵉ ⁱˢ ᵖᵒᵖᵖʸ 🐱
⠀⠀⠀⠀⠀⠀⠀⠀⠀   ⁱ ˡᵒᵛᵉ ᶜᵘᵈᵈˡᵉˢ ❤
⠀⠀⠀⠀⠀⠀⠀⠀⠀  ᵗʳᵉᵃᵗˢ & ˢⁿᵒᵒᶻⁱⁿ'💤
⠀⠀⠀⠀⠀⠀                 ²²/⁰¹/¹⁷","","15","234","54","1/24/2017","4.0","No location given.","No location given.","No location given."
"4509079523","tiger_miau_13","Tiger","http://scontent.cdninstagram.com/t51.2885-19/s150x150/16110090_346307112429189_1046882936776818688_a.jpg","I'am cat 😻😺 
My name is : tiger
Breed: angora x Steet cat 😸
My cat channel 👇😸👇","https://m.youtube.com/channel/UCxpgPVeFd7qfmcsm2oq76kA","17","1955","849","1/24/2017","94.0","No location given.","No location given.","No location given."
"4505056740","charlyandmerlin","CharlyAndMerlin","http://scontent.cdninstagram.com/t51.2885-19/s150x150/16230233_683858268441143_188842277416730624_a.jpg","Charles Augustin and Merlin William - 2 Kitten, 6 months old, together since 8 weeks old, inseparable! Join us on the adventure of growing up! 💪🏻😻🐈🐱❤","","6","330","88","1/24/2017","32.0","No location given.","No location given.","No location given."
"4060628456","cats_and_kittens_daily","Cute Cats & Kittens Everyday","http://scontent.cdninstagram.com/t51.2885-19/s150x150/15034860_1677052145938637_5711616856486313984_a.jpg","Adorable cats & kittens posted daily","","10","7498","6050","11/16/2016","1135.0","26.2268614933","50.5906037233","Planet Earth"
"649594345","magicalmilica","Milica Jelenic","http://scontent.cdninstagram.com/t51.2885-19/s150x150/12362156_942257159200702_1635618507_a.jpg","I facilitate bodies to have more ease with movement and energy work. Book a  session and try out my magical hands!
www.milicajelenic.com","","53","824","508","1/23/2017","29.0","43.73392","-79.40413","For U Salon and Medspa"
"4418505200","zeytin_and_koko","Zeytin & Koko","http://scontent.cdninstagram.com/t51.2885-19/s150x150/15876684_1509066982438648_3358209717284372480_a.jpg","Zeytin (the grey one, Koko's mom, means 'olive') is 13 years old and Koko (yes i'm a fan of 'the cat who...' book series:) is 11 years old.😻😻","","36","2468","947","1/24/2017","95.0","39.0","36.0","Turkey"
"1456970437","tessrhodes7","Tess /","http://scontent.cdninstagram.com/t51.2885-19/10616997_311807628990992_672010507_a.jpg","Barcelona -","http://tess-rhodes.tumblr.com/","361","5830","914","1/21/2017","65.0","41.37541","2.14936","Arenas de Barcelona"
"4495804916","dolaev_95","гехинец_95","http://scontent-frt3-1.cdninstagram.com/t51.2885-19/11906329_960233084022564_1448528159_a.jpg","","","2","2046","305","1/22/2017","56.0","No location given.","No location given.","No location given."
"4155224062","vicodinisevil","Vicodin is evil","http://scontent.cdninstagram.com/t51.2885-19/s150x150/11410361_239297716488910_3406240439634755584_a.jpg","","","14","921","155","1/9/2017","11.0","No location given.","No location given.","No location given."
Each file is limited to 100 rows during the free trial. Upgrade to see more.